AIRLINE, DEPARTURE_DATE, ARRIVAL_DATE, ORIGIN, DESTINATION, TRAVEL_CLASS, MAX_PRICE, MIN_PRICE
British Airways,2025-08-07,2025-08-17,LHR,IST,ECONOMY,561,464
British Airways,2025-07-03,2025-07-09,LHR,IST,ECONOMY,505,253
Turkish Airlines,2025-08-02,2025-08-13,LHR,IST,ECONOMY,456,287
Turkish Airlines,2025-07-15,2025-07-24,LHR,IST,ECONOMY,505,452
British Airways,2025-08-11,2025-08-25,LHR,IST,ECONOMY,543,364
Turkish Airlines,2025-08-03,2025-08-14,LHR,IST,ECONOMY,477,410
Turkish Airlines,2025-06-15,2025-06-26,LHR,IST,ECONOMY,534,333
British Airways,2025-08-18,2025-08-24,LHR,IST,ECONOMY,527,463
British Airways,2025-06-24,2025-07-05,LHR,IST,ECONOMY,512,329
Turkish Airlines,2025-07-02,2025-07-15,LHR,IST,ECONOMY,599,404
British Airways,2025-06-22,2025-06-30,LHR,IST,ECONOMY,491,354
Turkish Airlines,2025-08-05,2025-08-19,LHR,IST,ECONOMY,595,356
British Airways,2025-06-10,2025-06-23,LHR,IST,ECONOMY,531,405
British Airways,2025-07-19,2025-07-28,LHR,IST,ECONOMY,575,482
British Airways,2025-06-01,2025-06-07,LHR,IST,ECONOMY,502,320
Turkish Airlines,2025-08-09,2025-08-14,LHR,IST,ECONOMY,536,400
Turkish Airlines,2025-06-12,2025-06-17,LHR,IST,ECONOMY,519,309
British Airways,2025-08-21,2025-08-29,LHR,IST,ECONOMY,482,312
Turkish Airlines,2025-07-22,2025-08-01,LHR,IST,ECONOMY,593,259
Turkish Airlines,2025-08-18,2025-08-31,LHR,IST,ECONOMY,572,303
British Airways,2025-08-18,2025-08-23,LHR,IST,ECONOMY,458,237
British Airways,2025-08-08,2025-08-16,LHR,IST,ECONOMY,478,288
British Airways,2025-07-09,2025-07-17,LHR,IST,ECONOMY,552,371
Turkish Airlines,2025-06-28,2025-07-05,LHR,IST,ECONOMY,489,414
British Airways,2025-08-09,2025-08-23,LHR,IST,ECONOMY,526,303
Turkish Airlines,2025-08-07,2025-08-15,LHR,IST,ECONOMY,595,498
Turkish Airlines,2025-07-15,2025-07-24,LHR,IST,ECONOMY,473,366
Turkish Airlines,2025-07-13,2025-07-27,LHR,IST,ECONOMY,544,277
British Airways,2025-06-20,2025-06-25,LHR,IST,ECONOMY,499,355
Turkish Airlines,2025-07-11,2025-07-24,LHR,IST,ECONOMY,452,292
Turkish Airlines,2025-07-06,2025-07-16,LHR,IST,ECONOMY,524,243
British Airways,2025-08-03,2025-08-14,LHR,IST,ECONOMY,525,340
British Airways,2025-08-25,2025-08-30,LHR,IST,ECONOMY,580,257
Turkish Airlines,2025-07-10,2025-07-17,LHR,IST,ECONOMY,501,432
British Airways,2025-06-07,2025-06-13,LHR,IST,ECONOMY,475,265
Turkish Airlines,2025-06-11,2025-06-16,LHR,IST,ECONOMY,586,500
British Airways,2025-07-09,2025-07-16,LHR,IST,ECONOMY,483,235
British Airways,2025-06-18,2025-06-30,LHR,IST,ECONOMY,455,366
Turkish Airlines,2025-07-08,2025-07-20,LHR,IST,ECONOMY,462,369
Turkish Airlines,2025-07-15,2025-07-28,LHR,IST,ECONOMY,577,383
Turkish Airlines,2025-06-23,2025-07-04,LHR,IST,ECONOMY,506,426
Turkish Airlines,2025-08-26,2025-09-02,LHR,IST,ECONOMY,579,504
British Airways,2025-08-15,2025-08-23,LHR,IST,ECONOMY,470,369
Turkish Airlines,2025-07-12,2025-07-25,LHR,IST,ECONOMY,469,345
Turkish Airlines,2025-06-26,2025-07-03,LHR,IST,ECONOMY,574,398
Turkish Airlines,2025-06-17,2025-06-27,LHR,IST,ECONOMY,459,352
British Airways,2025-06-22,2025-06-29,LHR,IST,ECONOMY,558,250
Turkish Airlines,2025-07-15,2025-07-29,LHR,IST,ECONOMY,558,332
British Airways,2025-07-29,2025-08-11,LHR,IST,ECONOMY,469,247
British Airways,2025-06-12,2025-06-26,LHR,IST,ECONOMY,543,468
British Airways,2025-07-01,2025-07-09,LHR,IST,ECONOMY,515,392
Turkish Airlines,2025-08-06,2025-08-15,LHR,IST,ECONOMY,494,255
British Airways,2025-07-18,2025-07-30,LHR,IST,ECONOMY,523,385
Turkish Airlines,2025-08-25,2025-09-08,LHR,IST,ECONOMY,554,500
Turkish Airlines,2025-06-14,2025-06-26,LHR,IST,ECONOMY,470,260
British Airways,2025-08-24,2025-09-04,LHR,IST,ECONOMY,496,442
Turkish Airlines,2025-06-13,2025-06-20,LHR,IST,ECONOMY,597,288
Turkish Airlines,2025-06-26,2025-07-06,LHR,IST,ECONOMY,520,393
Turkish Airlines,2025-06-05,2025-06-17,LHR,IST,ECONOMY,584,499
Turkish Airlines,2025-08-17,2025-08-27,LHR,IST,ECONOMY,522,291
British Airways,2025-06-05,2025-06-10,LHR,IST,ECONOMY,451,265
Turkish Airlines,2025-08-05,2025-08-11,LHR,IST,ECONOMY,553,330
Turkish Airlines,2025-08-11,2025-08-23,LHR,IST,ECONOMY,477,311
Turkish Airlines,2025-08-18,2025-08-28,LHR,IST,ECONOMY,493,363
Turkish Airlines,2025-07-16,2025-07-25,LHR,IST,ECONOMY,595,383
British Airways,2025-06-12,2025-06-26,LHR,IST,ECONOMY,575,319
British Airways,2025-07-28,2025-08-05,LHR,IST,ECONOMY,516,445
Turkish Airlines,2025-07-20,2025-07-30,LHR,IST,ECONOMY,548,474
Turkish Airlines,2025-07-23,2025-08-02,LHR,IST,ECONOMY,495,430
British Airways,2025-08-03,2025-08-17,LHR,IST,ECONOMY,581,321
Turkish Airlines,2025-08-21,2025-09-02,LHR,IST,ECONOMY,516,265
British Airways,2025-07-03,2025-07-17,LHR,IST,ECONOMY,524,289
Turkish Airlines,2025-08-18,2025-08-25,LHR,IST,ECONOMY,507,356
Turkish Airlines,2025-06-23,2025-06-29,LHR,IST,ECONOMY,593,352
British Airways,2025-07-02,2025-07-09,LHR,IST,ECONOMY,475,222
British Airways,2025-07-10,2025-07-18,LHR,IST,ECONOMY,526,367
British Airways,2025-08-17,2025-08-22,LHR,IST,ECONOMY,532,322
British Airways,2025-08-10,2025-08-23,LHR,IST,ECONOMY,595,229
Turkish Airlines,2025-07-31,2025-08-07,LHR,IST,ECONOMY,591,392
Turkish Airlines,2025-06-04,2025-06-18,LHR,IST,ECONOMY,454,383
Turkish Airlines,2025-06-20,2025-06-30,LHR,IST,ECONOMY,492,338
British Airways,2025-07-08,2025-07-15,LHR,IST,ECONOMY,540,237
British Airways,2025-06-30,2025-07-07,LHR,IST,ECONOMY,520,362
Turkish Airlines,2025-06-03,2025-06-13,LHR,IST,ECONOMY,564,315
British Airways,2025-08-08,2025-08-19,LHR,IST,ECONOMY,451,385
British Airways,2025-08-30,2025-09-06,LHR,IST,ECONOMY,590,282
British Airways,2025-06-25,2025-07-09,LHR,IST,ECONOMY,525,271
British Airways,2025-06-05,2025-06-12,LHR,IST,ECONOMY,474,234
Turkish Airlines,2025-08-30,2025-09-10,LHR,IST,ECONOMY,504,220
British Airways,2025-06-09,2025-06-23,LHR,IST,ECONOMY,590,280
Turkish Airlines,2025-06-20,2025-07-01,LHR,IST,ECONOMY,583,397
British Airways,2025-06-03,2025-06-11,LHR,IST,ECONOMY,470,240
British Airways,2025-08-10,2025-08-16,LHR,IST,ECONOMY,483,402
Turkish Airlines,2025-08-19,2025-08-26,LHR,IST,ECONOMY,495,364
British Airways,2025-07-28,2025-08-02,LHR,IST,ECONOMY,493,413
British Airways,2025-06-25,2025-07-04,LHR,IST,ECONOMY,600,287
Turkish Airlines,2025-06-07,2025-06-17,LHR,IST,ECONOMY,570,460
British Airways,2025-08-23,2025-08-31,LHR,IST,ECONOMY,596,382
British Airways,2025-08-03,2025-08-08,LHR,IST,ECONOMY,491,226
Turkish Airlines,2025-08-23,2025-09-03,LHR,IST,ECONOMY,506,272
British Airways,2025-08-04,2025-08-11,LHR,IST,ECONOMY,455,385
Turkish Airlines,2025-07-31,2025-08-05,LHR,IST,ECONOMY,522,402
British Airways,2025-08-21,2025-09-01,LHR,IST,ECONOMY,471,314
Turkish Airlines,2025-08-26,2025-08-31,LHR,IST,ECONOMY,592,412
Turkish Airlines,2025-07-01,2025-07-15,LHR,IST,ECONOMY,488,267
Turkish Airlines,2025-06-01,2025-06-13,LHR,IST,ECONOMY,471,282
British Airways,2025-08-29,2025-09-03,LHR,IST,ECONOMY,560,332
British Airways,2025-06-25,2025-06-30,LHR,IST,ECONOMY,482,333
British Airways,2025-08-08,2025-08-22,LHR,IST,ECONOMY,579,406
Turkish Airlines,2025-08-02,2025-08-13,LHR,IST,ECONOMY,501,365
British Airways,2025-08-20,2025-08-31,LHR,IST,ECONOMY,592,517
British Airways,2025-06-10,2025-06-15,LHR,IST,ECONOMY,577,284
British Airways,2025-08-03,2025-08-16,LHR,IST,ECONOMY,499,417
Turkish Airlines,2025-06-17,2025-07-01,LHR,IST,ECONOMY,540,350
Turkish Airlines,2025-06-15,2025-06-29,LHR,IST,ECONOMY,570,267
British Airways,2025-06-18,2025-06-27,LHR,IST,ECONOMY,478,241
British Airways,2025-08-26,2025-09-03,LHR,IST,ECONOMY,538,375
British Airways,2025-07-10,2025-07-18,LHR,IST,ECONOMY,555,295
Turkish Airlines,2025-08-09,2025-08-16,LHR,IST,ECONOMY,595,503
British Airways,2025-06-08,2025-06-15,LHR,IST,ECONOMY,560,331
Turkish Airlines,2025-07-09,2025-07-22,LHR,IST,ECONOMY,567,500
British Airways,2025-08-01,2025-08-08,LHR,IST,ECONOMY,530,349
Turkish Airlines,2025-07-26,2025-08-06,LHR,IST,ECONOMY,485,256
British Airways,2025-08-14,2025-08-19,LHR,IST,ECONOMY,487,400
British Airways,2025-07-04,2025-07-12,LHR,IST,ECONOMY,509,380
British Airways,2025-08-29,2025-09-09,LHR,IST,ECONOMY,495,401
Turkish Airlines,2025-08-09,2025-08-18,LHR,IST,ECONOMY,486,316
British Airways,2025-07-18,2025-07-31,LHR,IST,ECONOMY,462,279
Turkish Airlines,2025-08-21,2025-09-03,LHR,IST,ECONOMY,534,479
British Airways,2025-07-23,2025-07-31,LHR,IST,ECONOMY,517,362
British Airways,2025-07-03,2025-07-14,LHR,IST,ECONOMY,498,289
Turkish Airlines,2025-08-14,2025-08-28,LHR,IST,ECONOMY,506,263
British Airways,2025-07-22,2025-07-29,LHR,IST,ECONOMY,591,247
British Airways,2025-07-06,2025-07-19,LHR,IST,ECONOMY,483,270
British Airways,2025-06-23,2025-06-29,LHR,IST,ECONOMY,457,277
British Airways,2025-07-01,2025-07-10,LHR,IST,ECONOMY,547,282
British Airways,2025-06-30,2025-07-11,LHR,IST,ECONOMY,463,287
Turkish Airlines,2025-06-19,2025-06-26,LHR,IST,ECONOMY,584,364
Turkish Airlines,2025-08-17,2025-08-31,LHR,IST,ECONOMY,489,274
British Airways,2025-06-27,2025-07-08,LHR,IST,ECONOMY,541,369
Turkish Airlines,2025-07-20,2025-07-25,LHR,IST,ECONOMY,532,422
British Airways,2025-07-31,2025-08-10,LHR,IST,ECONOMY,480,309
British Airways,2025-07-07,2025-07-19,LHR,IST,ECONOMY,500,250
Turkish Airlines,2025-08-16,2025-08-30,LHR,IST,ECONOMY,581,488
British Airways,2025-08-09,2025-08-15,LHR,IST,ECONOMY,487,248
Turkish Airlines,2025-08-02,2025-08-11,LHR,IST,ECONOMY,546,423
Turkish Airlines,2025-06-22,2025-06-29,LHR,IST,ECONOMY,468,405
British Airways,2025-06-10,2025-06-16,LHR,IST,ECONOMY,594,326
Turkish Airlines,2025-07-27,2025-08-07,LHR,IST,ECONOMY,470,256
Turkish Airlines,2025-08-13,2025-08-18,LHR,IST,ECONOMY,583,470
British Airways,2025-08-17,2025-08-31,LHR,IST,ECONOMY,572,459
Turkish Airlines,2025-07-31,2025-08-11,LHR,IST,ECONOMY,549,407
British Airways,2025-07-15,2025-07-27,LHR,IST,ECONOMY,537,245
Turkish Airlines,2025-07-24,2025-08-06,LHR,IST,ECONOMY,528,262
Turkish Airlines,2025-07-19,2025-07-31,LHR,IST,ECONOMY,472,417
British Airways,2025-08-20,2025-08-31,LHR,IST,ECONOMY,539,449
Turkish Airlines,2025-07-08,2025-07-17,LHR,IST,ECONOMY,563,444
Turkish Airlines,2025-08-16,2025-08-22,LHR,IST,ECONOMY,488,403
Turkish Airlines,2025-07-12,2025-07-24,LHR,IST,ECONOMY,572,320
Turkish Airlines,2025-06-15,2025-06-24,LHR,IST,ECONOMY,580,431
British Airways,2025-06-29,2025-07-07,LHR,IST,ECONOMY,496,330
British Airways,2025-06-20,2025-06-28,LHR,IST,ECONOMY,538,381
British Airways,2025-07-17,2025-07-31,LHR,IST,ECONOMY,469,346
Turkish Airlines,2025-06-14,2025-06-28,LHR,IST,ECONOMY,452,291
Turkish Airlines,2025-06-04,2025-06-17,LHR,IST,ECONOMY,571,388
Turkish Airlines,2025-08-01,2025-08-09,LHR,IST,ECONOMY,591,509
British Airways,2025-07-07,2025-07-13,LHR,IST,ECONOMY,573,284
Turkish Airlines,2025-07-26,2025-08-01,LHR,IST,ECONOMY,497,318
Turkish Airlines,2025-06-28,2025-07-12,LHR,IST,ECONOMY,502,308
Turkish Airlines,2025-07-27,2025-08-10,LHR,IST,ECONOMY,479,427
British Airways,2025-06-05,2025-06-14,LHR,IST,ECONOMY,521,397
Turkish Airlines,2025-07-24,2025-07-31,LHR,IST,ECONOMY,498,226
Turkish Airlines,2025-07-26,2025-08-07,LHR,IST,ECONOMY,485,234
Turkish Airlines,2025-07-02,2025-07-11,LHR,IST,ECONOMY,499,379
British Airways,2025-07-09,2025-07-16,LHR,IST,ECONOMY,512,441
Turkish Airlines,2025-07-18,2025-07-26,LHR,IST,ECONOMY,489,288
Turkish Airlines,2025-08-26,2025-09-01,LHR,IST,ECONOMY,584,378
British Airways,2025-07-25,2025-08-07,LHR,IST,ECONOMY,508,220
British Airways,2025-06-22,2025-07-02,LHR,IST,ECONOMY,502,288
British Airways,2025-06-15,2025-06-22,LHR,IST,ECONOMY,520,341
Turkish Airlines,2025-07-27,2025-08-10,LHR,IST,ECONOMY,520,416
British Airways,2025-06-06,2025-06-17,LHR,IST,ECONOMY,463,322
Turkish Airlines,2025-06-23,2025-07-03,LHR,IST,ECONOMY,508,458
British Airways,2025-07-18,2025-07-25,LHR,IST,ECONOMY,543,445
Turkish Airlines,2025-07-11,2025-07-24,LHR,IST,ECONOMY,593,505
Turkish Airlines,2025-06-22,2025-07-06,LHR,IST,ECONOMY,570,347
British Airways,2025-07-01,2025-07-06,LHR,IST,ECONOMY,570,251
British Airways,2025-08-09,2025-08-23,LHR,IST,ECONOMY,557,455
British Airways,2025-06-02,2025-06-11,LHR,IST,ECONOMY,543,385
Turkish Airlines,2025-08-01,2025-08-09,LHR,IST,ECONOMY,555,234
Turkish Airlines,2025-07-18,2025-07-25,LHR,IST,ECONOMY,486,257
Turkish Airlines,2025-07-12,2025-07-22,LHR,IST,ECONOMY,546,461
Turkish Airlines,2025-08-17,2025-08-29,LHR,IST,ECONOMY,588,240
British Airways,2025-06-22,2025-07-04,LHR,IST,ECONOMY,558,223
British Airways,2025-08-07,2025-08-17,LHR,IST,ECONOMY,484,273
British Airways,2025-08-18,2025-08-24,LHR,IST,ECONOMY,561,241
British Airways,2025-07-14,2025-07-25,LHR,IST,ECONOMY,496,404
Turkish Airlines,2025-07-18,2025-07-31,LHR,IST,ECONOMY,593,410
British Airways,2025-08-28,2025-09-08,LHR,IST,ECONOMY,484,244
Turkish Airlines,2025-08-06,2025-08-20,LHR,IST,ECONOMY,532,320
Turkish Airlines,2025-08-06,2025-08-11,LHR,IST,ECONOMY,569,488
Turkish Airlines,2025-07-06,2025-07-16,LHR,IST,ECONOMY,450,375
Turkish Airlines,2025-08-05,2025-08-11,LHR,IST,ECONOMY,547,470
British Airways,2025-08-08,2025-08-16,LHR,IST,ECONOMY,479,225
Turkish Airlines,2025-07-15,2025-07-23,LHR,IST,ECONOMY,507,224
British Airways,2025-08-15,2025-08-23,LHR,IST,ECONOMY,453,231
Turkish Airlines,2025-08-20,2025-09-02,LHR,IST,ECONOMY,522,284
British Airways,2025-08-09,2025-08-20,LHR,IST,ECONOMY,470,353
Turkish Airlines,2025-06-27,2025-07-06,LHR,IST,ECONOMY,486,228
Turkish Airlines,2025-08-15,2025-08-29,LHR,IST,ECONOMY,530,413
Turkish Airlines,2025-08-02,2025-08-08,LHR,IST,ECONOMY,471,397
British Airways,2025-07-21,2025-07-28,LHR,IST,ECONOMY,493,403
British Airways,2025-08-26,2025-09-07,LHR,IST,ECONOMY,517,458
Turkish Airlines,2025-07-24,2025-08-07,LHR,IST,ECONOMY,566,405
British Airways,2025-08-18,2025-08-26,LHR,IST,ECONOMY,488,372
British Airways,2025-06-01,2025-06-09,LHR,IST,ECONOMY,587,409
Turkish Airlines,2025-06-15,2025-06-28,LHR,IST,ECONOMY,553,397
Turkish Airlines,2025-06-02,2025-06-08,LHR,IST,ECONOMY,512,307
British Airways,2025-07-12,2025-07-17,LHR,IST,ECONOMY,579,229
British Airways,2025-07-17,2025-07-30,LHR,IST,ECONOMY,451,253
British Airways,2025-08-22,2025-09-01,LHR,IST,ECONOMY,457,275
British Airways,2025-06-04,2025-06-17,LHR,IST,ECONOMY,492,373
Turkish Airlines,2025-08-30,2025-09-07,LHR,IST,ECONOMY,484,347
British Airways,2025-06-30,2025-07-12,LHR,IST,ECONOMY,515,275
Turkish Airlines,2025-07-24,2025-07-29,LHR,IST,ECONOMY,483,343
Turkish Airlines,2025-06-08,2025-06-13,LHR,IST,ECONOMY,585,530
Turkish Airlines,2025-06-19,2025-06-25,LHR,IST,ECONOMY,452,301
Turkish Airlines,2025-07-09,2025-07-23,LHR,IST,ECONOMY,512,449
British Airways,2025-07-10,2025-07-19,LHR,IST,ECONOMY,490,234
Turkish Airlines,2025-08-30,2025-09-06,LHR,IST,ECONOMY,532,468
Turkish Airlines,2025-07-19,2025-07-30,LHR,IST,ECONOMY,586,430
Turkish Airlines,2025-08-12,2025-08-24,LHR,IST,ECONOMY,563,339
British Airways,2025-06-05,2025-06-17,LHR,IST,ECONOMY,484,272
British Airways,2025-08-18,2025-08-24,LHR,IST,ECONOMY,573,384
British Airways,2025-07-20,2025-07-25,LHR,IST,ECONOMY,473,269
Turkish Airlines,2025-07-01,2025-07-07,LHR,IST,ECONOMY,468,269
British Airways,2025-06-13,2025-06-23,LHR,IST,ECONOMY,524,230
Turkish Airlines,2025-08-27,2025-09-02,LHR,IST,ECONOMY,589,400
British Airways,2025-06-03,2025-06-11,LHR,IST,ECONOMY,455,220
Turkish Airlines,2025-07-10,2025-07-23,LHR,IST,ECONOMY,470,408
British Airways,2025-07-08,2025-07-18,LHR,IST,ECONOMY,473,274
Turkish Airlines,2025-06-17,2025-06-27,LHR,IST,ECONOMY,457,296
British Airways,2025-07-22,2025-08-05,LHR,IST,ECONOMY,499,387
Turkish Airlines,2025-07-08,2025-07-16,LHR,IST,ECONOMY,456,293
British Airways,2025-07-20,2025-08-01,LHR,IST,ECONOMY,594,243
British Airways,2025-06-30,2025-07-14,LHR,IST,ECONOMY,490,373
British Airways,2025-07-15,2025-07-27,LHR,IST,ECONOMY,553,424
British Airways,2025-08-17,2025-08-30,LHR,IST,ECONOMY,580,384
British Airways,2025-08-04,2025-08-09,LHR,IST,ECONOMY,518,255
Turkish Airlines,2025-07-24,2025-08-05,LHR,IST,ECONOMY,452,292
Turkish Airlines,2025-08-04,2025-08-12,LHR,IST,ECONOMY,600,250
British Airways,2025-06-23,2025-07-07,LHR,IST,ECONOMY,480,250
British Airways,2025-08-25,2025-09-01,LHR,IST,ECONOMY,507,220
Turkish Airlines,2025-07-11,2025-07-16,LHR,IST,ECONOMY,528,278
British Airways,2025-06-14,2025-06-19,LHR,IST,ECONOMY,548,379
British Airways,2025-06-03,2025-06-15,LHR,IST,ECONOMY,527,364
British Airways,2025-06-18,2025-06-28,LHR,IST,ECONOMY,518,331
Turkish Airlines,2025-08-07,2025-08-17,LHR,IST,ECONOMY,552,256
Turkish Airlines,2025-06-26,2025-07-07,LHR,IST,ECONOMY,478,395
British Airways,2025-06-15,2025-06-25,LHR,IST,ECONOMY,499,243
Turkish Airlines,2025-06-03,2025-06-10,LHR,IST,ECONOMY,550,229
British Airways,2025-07-23,2025-08-04,LHR,IST,ECONOMY,568,343
British Airways,2025-07-21,2025-08-02,LHR,IST,ECONOMY,487,395
Turkish Airlines,2025-07-28,2025-08-05,LHR,IST,ECONOMY,503,431
Turkish Airlines,2025-06-23,2025-06-29,LHR,IST,ECONOMY,450,366
British Airways,2025-07-24,2025-08-07,LHR,IST,ECONOMY,481,308
British Airways,2025-07-13,2025-07-25,LHR,IST,ECONOMY,596,270
British Airways,2025-08-22,2025-09-01,LHR,IST,ECONOMY,494,346
Turkish Airlines,2025-06-13,2025-06-22,LHR,IST,ECONOMY,556,301
Turkish Airlines,2025-06-11,2025-06-22,LHR,IST,ECONOMY,557,222
British Airways,2025-06-21,2025-07-03,LHR,IST,ECONOMY,596,402
Turkish Airlines,2025-08-16,2025-08-29,LHR,IST,ECONOMY,461,241
Turkish Airlines,2025-08-19,2025-08-25,LHR,IST,ECONOMY,582,356
British Airways,2025-07-08,2025-07-18,LHR,IST,ECONOMY,600,483
British Airways,2025-07-04,2025-07-16,LHR,IST,ECONOMY,566,345
Turkish Airlines,2025-06-04,2025-06-15,LHR,IST,ECONOMY,522,435
British Airways,2025-06-25,2025-07-07,LHR,IST,ECONOMY,464,350
British Airways,2025-06-12,2025-06-22,LHR,IST,ECONOMY,591,291
Turkish Airlines,2025-08-13,2025-08-18,LHR,IST,ECONOMY,590,225
British Airways,2025-08-12,2025-08-23,LHR,IST,ECONOMY,526,443
Turkish Airlines,2025-07-01,2025-07-08,LHR,IST,ECONOMY,534,424
Turkish Airlines,2025-07-05,2025-07-12,LHR,IST,ECONOMY,516,271
Turkish Airlines,2025-08-07,2025-08-12,LHR,IST,ECONOMY,515,277
Turkish Airlines,2025-07-05,2025-07-11,LHR,IST,ECONOMY,517,331
British Airways,2025-08-16,2025-08-28,LHR,IST,ECONOMY,500,304
British Airways,2025-08-29,2025-09-10,LHR,IST,ECONOMY,583,501
Turkish Airlines,2025-07-13,2025-07-26,LHR,IST,ECONOMY,487,238
Turkish Airlines,2025-06-15,2025-06-23,LHR,IST,ECONOMY,534,390
British Airways,2025-06-12,2025-06-19,LHR,IST,ECONOMY,564,363
British Airways,2025-08-04,2025-08-18,LHR,IST,ECONOMY,564,351
British Airways,2025-06-05,2025-06-12,LHR,IST,ECONOMY,452,312
British Airways,2025-07-02,2025-07-11,LHR,IST,ECONOMY,450,303
British Airways,2025-07-23,2025-08-02,LHR,IST,ECONOMY,552,479
British Airways,2025-06-25,2025-07-03,LHR,IST,ECONOMY,490,264
Turkish Airlines,2025-08-13,2025-08-22,LHR,IST,ECONOMY,492,248
Turkish Airlines,2025-07-29,2025-08-07,LHR,IST,ECONOMY,491,296
Turkish Airlines,2025-07-17,2025-07-31,LHR,IST,ECONOMY,487,269
Turkish Airlines,2025-08-21,2025-08-30,LHR,IST,ECONOMY,564,424
British Airways,2025-06-10,2025-06-16,LHR,IST,ECONOMY,504,410
Turkish Airlines,2025-07-11,2025-07-23,LHR,IST,ECONOMY,528,355
British Airways,2025-07-13,2025-07-22,LHR,IST,ECONOMY,535,376
British Airways,2025-07-05,2025-07-13,LHR,IST,ECONOMY,496,306
British Airways,2025-07-17,2025-07-22,LHR,IST,ECONOMY,512,419
Turkish Airlines,2025-06-22,2025-06-30,LHR,IST,ECONOMY,598,474
Turkish Airlines,2025-07-30,2025-08-08,LHR,IST,ECONOMY,491,294
British Airways,2025-06-12,2025-06-23,LHR,IST,ECONOMY,509,230
Turkish Airlines,2025-06-02,2025-06-09,LHR,IST,ECONOMY,591,508
Turkish Airlines,2025-06-23,2025-06-28,LHR,IST,ECONOMY,533,299
Turkish Airlines,2025-07-27,2025-08-06,LHR,IST,ECONOMY,453,306
Turkish Airlines,2025-07-01,2025-07-10,LHR,IST,ECONOMY,580,499
British Airways,2025-08-30,2025-09-10,LHR,IST,ECONOMY,544,276
Turkish Airlines,2025-08-19,2025-08-26,LHR,IST,ECONOMY,567,348
British Airways,2025-08-24,2025-09-02,LHR,IST,ECONOMY,546,313
British Airways,2025-08-16,2025-08-27,LHR,IST,ECONOMY,551,283
Turkish Airlines,2025-07-16,2025-07-30,LHR,IST,ECONOMY,509,438
British Airways,2025-06-25,2025-07-08,LHR,IST,ECONOMY,565,406
British Airways,2025-07-14,2025-07-23,LHR,IST,ECONOMY,594,521
British Airways,2025-08-26,2025-09-09,LHR,IST,ECONOMY,476,286
British Airways,2025-08-14,2025-08-25,LHR,IST,ECONOMY,462,300
British Airways,2025-06-12,2025-06-26,LHR,IST,ECONOMY,598,321
Turkish Airlines,2025-07-26,2025-07-31,LHR,IST,ECONOMY,528,439
British Airways,2025-08-12,2025-08-23,LHR,IST,ECONOMY,539,453
British Airways,2025-08-05,2025-08-18,LHR,IST,ECONOMY,550,380
Turkish Airlines,2025-06-06,2025-06-11,LHR,IST,ECONOMY,528,235
Turkish Airlines,2025-06-03,2025-06-14,LHR,IST,ECONOMY,581,431
British Airways,2025-08-08,2025-08-13,LHR,IST,ECONOMY,491,373
Turkish Airlines,2025-07-07,2025-07-13,LHR,IST,ECONOMY,584,341
British Airways,2025-06-02,2025-06-14,LHR,IST,ECONOMY,550,337
Turkish Airlines,2025-08-18,2025-08-27,LHR,IST,ECONOMY,548,404
Turkish Airlines,2025-07-27,2025-08-04,LHR,IST,ECONOMY,473,314
Turkish Airlines,2025-07-23,2025-07-28,LHR,IST,ECONOMY,489,248
British Airways,2025-07-12,2025-07-18,LHR,IST,ECONOMY,450,321
British Airways,2025-08-17,2025-08-26,LHR,IST,ECONOMY,504,306
Turkish Airlines,2025-08-08,2025-08-16,LHR,IST,ECONOMY,455,285
Turkish Airlines,2025-08-23,2025-09-06,LHR,IST,ECONOMY,498,295
British Airways,2025-06-20,2025-06-28,LHR,IST,ECONOMY,576,357
Turkish Airlines,2025-06-20,2025-06-28,LHR,IST,ECONOMY,584,460
Turkish Airlines,2025-07-06,2025-07-14,LHR,IST,ECONOMY,594,482
British Airways,2025-08-29,2025-09-09,LHR,IST,ECONOMY,516,372
British Airways,2025-07-13,2025-07-26,LHR,IST,ECONOMY,555,310
Turkish Airlines,2025-08-14,2025-08-28,LHR,IST,ECONOMY,453,308
Turkish Airlines,2025-07-01,2025-07-10,LHR,IST,ECONOMY,456,220
British Airways,2025-07-13,2025-07-26,LHR,IST,ECONOMY,494,384
Turkish Airlines,2025-08-27,2025-09-05,LHR,IST,ECONOMY,524,440
British Airways,2025-06-27,2025-07-05,LHR,IST,ECONOMY,478,379
Turkish Airlines,2025-07-30,2025-08-07,LHR,IST,ECONOMY,510,267
Turkish Airlines,2025-06-01,2025-06-13,LHR,IST,ECONOMY,542,430
Turkish Airlines,2025-07-03,2025-07-08,LHR,IST,ECONOMY,459,275
British Airways,2025-08-15,2025-08-24,LHR,IST,ECONOMY,509,343
Turkish Airlines,2025-07-22,2025-07-30,LHR,IST,ECONOMY,588,336
Turkish Airlines,2025-07-03,2025-07-14,LHR,IST,ECONOMY,512,246
Turkish Airlines,2025-06-18,2025-06-30,LHR,IST,ECONOMY,585,531
British Airways,2025-08-04,2025-08-09,LHR,IST,ECONOMY,508,277
Turkish Airlines,2025-06-05,2025-06-14,LHR,IST,ECONOMY,584,490
Turkish Airlines,2025-07-16,2025-07-28,LHR,IST,ECONOMY,493,319
British Airways,2025-08-22,2025-09-04,LHR,IST,ECONOMY,481,427
British Airways,2025-07-16,2025-07-21,LHR,IST,ECONOMY,559,418
British Airways,2025-08-16,2025-08-30,LHR,IST,ECONOMY,577,401
British Airways,2025-08-21,2025-08-29,LHR,IST,ECONOMY,487,303
Turkish Airlines,2025-06-17,2025-06-29,LHR,IST,ECONOMY,465,334
British Airways,2025-07-30,2025-08-11,LHR,IST,ECONOMY,538,394
British Airways,2025-06-21,2025-06-26,LHR,IST,ECONOMY,480,344
British Airways,2025-08-08,2025-08-20,LHR,IST,ECONOMY,560,444
British Airways,2025-07-13,2025-07-24,LHR,IST,ECONOMY,564,473
British Airways,2025-08-22,2025-08-28,LHR,IST,ECONOMY,555,475
British Airways,2025-06-26,2025-07-05,LHR,IST,ECONOMY,549,225
British Airways,2025-06-28,2025-07-10,LHR,IST,ECONOMY,486,294
British Airways,2025-07-15,2025-07-25,LHR,IST,ECONOMY,474,235
British Airways,2025-07-22,2025-08-02,LHR,IST,ECONOMY,537,353
British Airways,2025-07-14,2025-07-23,LHR,IST,ECONOMY,564,448
Turkish Airlines,2025-06-27,2025-07-08,LHR,IST,ECONOMY,546,449
British Airways,2025-08-14,2025-08-23,LHR,IST,ECONOMY,481,330
British Airways,2025-06-16,2025-06-21,LHR,IST,ECONOMY,508,375
Turkish Airlines,2025-08-25,2025-08-31,LHR,IST,ECONOMY,511,286
Turkish Airlines,2025-06-09,2025-06-19,LHR,IST,ECONOMY,567,392
Turkish Airlines,2025-07-10,2025-07-22,LHR,IST,ECONOMY,528,259
British Airways,2025-08-13,2025-08-23,LHR,IST,ECONOMY,518,324
Turkish Airlines,2025-06-30,2025-07-06,LHR,IST,ECONOMY,471,312
Turkish Airlines,2025-07-20,2025-07-26,LHR,IST,ECONOMY,600,510
British Airways,2025-07-21,2025-07-26,LHR,IST,ECONOMY,513,290
British Airways,2025-08-02,2025-08-14,LHR,IST,ECONOMY,554,385
British Airways,2025-06-30,2025-07-14,LHR,IST,ECONOMY,461,331
Turkish Airlines,2025-07-12,2025-07-21,LHR,IST,ECONOMY,474,413
British Airways,2025-07-17,2025-07-22,LHR,IST,ECONOMY,498,343
Turkish Airlines,2025-08-05,2025-08-14,LHR,IST,ECONOMY,535,346
British Airways,2025-08-21,2025-09-01,LHR,IST,ECONOMY,507,444
British Airways,2025-08-28,2025-09-02,LHR,IST,ECONOMY,550,443
British Airways,2025-07-29,2025-08-03,LHR,IST,ECONOMY,582,383
Turkish Airlines,2025-07-27,2025-08-01,LHR,IST,ECONOMY,570,516
Turkish Airlines,2025-08-07,2025-08-18,LHR,IST,ECONOMY,459,227
Turkish Airlines,2025-08-10,2025-08-23,LHR,IST,ECONOMY,504,388
British Airways,2025-06-23,2025-07-03,LHR,IST,ECONOMY,598,279
British Airways,2025-08-12,2025-08-21,LHR,IST,ECONOMY,530,235
British Airways,2025-08-26,2025-09-05,LHR,IST,ECONOMY,591,526
Turkish Airlines,2025-07-30,2025-08-05,LHR,IST,ECONOMY,514,385
British Airways,2025-07-16,2025-07-28,LHR,IST,ECONOMY,497,220
Turkish Airlines,2025-08-11,2025-08-19,LHR,IST,ECONOMY,454,377
Turkish Airlines,2025-07-13,2025-07-25,LHR,IST,ECONOMY,537,224
Turkish Airlines,2025-08-23,2025-09-05,LHR,IST,ECONOMY,482,347
British Airways,2025-06-08,2025-06-20,LHR,IST,ECONOMY,562,456
Turkish Airlines,2025-08-09,2025-08-20,LHR,IST,ECONOMY,551,454
British Airways,2025-06-01,2025-06-09,LHR,IST,ECONOMY,501,266
British Airways,2025-06-14,2025-06-26,LHR,IST,ECONOMY,525,454
British Airways,2025-07-31,2025-08-08,LHR,IST,ECONOMY,531,261
Turkish Airlines,2025-08-22,2025-08-29,LHR,IST,ECONOMY,471,415
British Airways,2025-08-29,2025-09-03,LHR,IST,ECONOMY,555,271
Turkish Airlines,2025-08-11,2025-08-17,LHR,IST,ECONOMY,579,394
British Airways,2025-07-31,2025-08-08,LHR,IST,ECONOMY,562,395
British Airways,2025-06-29,2025-07-06,LHR,IST,ECONOMY,550,406
British Airways,2025-07-29,2025-08-06,LHR,IST,ECONOMY,519,455
Turkish Airlines,2025-08-20,2025-08-25,LHR,IST,ECONOMY,593,280
British Airways,2025-06-17,2025-06-22,LHR,IST,ECONOMY,462,330
Turkish Airlines,2025-08-07,2025-08-13,LHR,IST,ECONOMY,492,353
British Airways,2025-08-03,2025-08-11,LHR,IST,ECONOMY,522,272
British Airways,2025-07-11,2025-07-20,LHR,IST,ECONOMY,549,297
Turkish Airlines,2025-08-02,2025-08-08,LHR,IST,ECONOMY,468,345
British Airways,2025-08-09,2025-08-15,LHR,IST,ECONOMY,569,439
British Airways,2025-06-14,2025-06-19,LHR,IST,ECONOMY,528,236
Turkish Airlines,2025-08-20,2025-08-28,LHR,IST,ECONOMY,489,220
Turkish Airlines,2025-06-21,2025-06-26,LHR,IST,ECONOMY,508,454
Turkish Airlines,2025-07-22,2025-07-29,LHR,IST,ECONOMY,471,298
British Airways,2025-07-04,2025-07-11,LHR,IST,ECONOMY,452,284
British Airways,2025-07-09,2025-07-23,LHR,IST,ECONOMY,485,385
Turkish Airlines,2025-08-08,2025-08-20,LHR,IST,ECONOMY,508,353
British Airways,2025-08-22,2025-08-28,LHR,IST,ECONOMY,541,347
Turkish Airlines,2025-08-24,2025-09-04,LHR,IST,ECONOMY,599,348
British Airways,2025-07-10,2025-07-24,LHR,IST,ECONOMY,487,326
Turkish Airlines,2025-08-30,2025-09-12,LHR,IST,ECONOMY,567,428
Turkish Airlines,2025-07-02,2025-07-09,LHR,IST,ECONOMY,517,283
Turkish Airlines,2025-06-05,2025-06-12,LHR,IST,ECONOMY,595,511
British Airways,2025-06-13,2025-06-26,LHR,IST,ECONOMY,501,363
British Airways,2025-08-17,2025-08-30,LHR,IST,ECONOMY,457,277
Turkish Airlines,2025-06-30,2025-07-10,LHR,IST,ECONOMY,559,460
British Airways,2025-08-12,2025-08-25,LHR,IST,ECONOMY,498,379
Turkish Airlines,2025-08-16,2025-08-30,LHR,IST,ECONOMY,457,319
Turkish Airlines,2025-06-15,2025-06-23,LHR,IST,ECONOMY,547,339
Turkish Airlines,2025-08-10,2025-08-17,LHR,IST,ECONOMY,578,430
British Airways,2025-08-02,2025-08-07,LHR,IST,ECONOMY,512,420
British Airways,2025-06-12,2025-06-17,LHR,IST,ECONOMY,488,266
British Airways,2025-06-03,2025-06-08,LHR,IST,ECONOMY,578,293
Turkish Airlines,2025-06-26,2025-07-06,LHR,IST,ECONOMY,541,331
British Airways,2025-07-17,2025-07-31,LHR,IST,ECONOMY,482,223
Turkish Airlines,2025-08-17,2025-08-25,LHR,IST,ECONOMY,557,492
British Airways,2025-08-02,2025-08-11,LHR,IST,ECONOMY,497,362
British Airways,2025-07-29,2025-08-08,LHR,IST,ECONOMY,486,409
British Airways,2025-08-17,2025-08-26,LHR,IST,ECONOMY,450,226
Turkish Airlines,2025-06-12,2025-06-20,LHR,IST,ECONOMY,514,383
Turkish Airlines,2025-08-15,2025-08-25,LHR,IST,ECONOMY,554,502
Turkish Airlines,2025-07-23,2025-08-02,LHR,IST,ECONOMY,563,453
Turkish Airlines,2025-08-04,2025-08-18,LHR,IST,ECONOMY,468,388
Turkish Airlines,2025-07-23,2025-08-01,LHR,IST,ECONOMY,559,400
British Airways,2025-06-25,2025-07-02,LHR,IST,ECONOMY,572,436
British Airways,2025-08-28,2025-09-11,LHR,IST,ECONOMY,528,254
Turkish Airlines,2025-07-08,2025-07-14,LHR,IST,ECONOMY,509,411
Turkish Airlines,2025-07-15,2025-07-21,LHR,IST,ECONOMY,559,313
British Airways,2025-08-19,2025-08-29,LHR,IST,ECONOMY,576,444
British Airways,2025-06-27,2025-07-06,LHR,IST,ECONOMY,513,355
Turkish Airlines,2025-06-10,2025-06-17,LHR,IST,ECONOMY,490,434
Turkish Airlines,2025-07-27,2025-08-09,LHR,IST,ECONOMY,495,277
British Airways,2025-06-11,2025-06-25,LHR,IST,ECONOMY,492,435
British Airways,2025-06-15,2025-06-24,LHR,IST,ECONOMY,457,238
British Airways,2025-07-31,2025-08-06,LHR,IST,ECONOMY,470,412
British Airways,2025-08-11,2025-08-23,LHR,IST,ECONOMY,470,254
Turkish Airlines,2025-06-29,2025-07-08,LHR,IST,ECONOMY,545,462
Turkish Airlines,2025-07-07,2025-07-13,LHR,IST,ECONOMY,480,243
British Airways,2025-06-19,2025-06-29,LHR,IST,ECONOMY,473,250
Turkish Airlines,2025-07-29,2025-08-04,LHR,IST,ECONOMY,494,257
British Airways,2025-08-27,2025-09-01,LHR,IST,ECONOMY,450,397
Turkish Airlines,2025-08-27,2025-09-03,LHR,IST,ECONOMY,493,308
British Airways,2025-07-13,2025-07-20,LHR,IST,ECONOMY,506,321
Turkish Airlines,2025-07-27,2025-08-07,LHR,IST,ECONOMY,577,261
British Airways,2025-07-11,2025-07-21,LHR,IST,ECONOMY,598,281
British Airways,2025-06-21,2025-06-26,LHR,IST,ECONOMY,486,398
British Airways,2025-08-18,2025-08-24,LHR,IST,ECONOMY,483,274
British Airways,2025-08-16,2025-08-25,LHR,IST,ECONOMY,461,323
British Airways,2025-08-07,2025-08-17,LHR,IST,ECONOMY,554,478
Turkish Airlines,2025-06-10,2025-06-23,LHR,IST,ECONOMY,564,314
Turkish Airlines,2025-06-06,2025-06-13,LHR,IST,ECONOMY,524,274
British Airways,2025-07-15,2025-07-28,LHR,IST,ECONOMY,579,419
British Airways,2025-07-11,2025-07-19,LHR,IST,ECONOMY,550,465
Turkish Airlines,2025-06-03,2025-06-10,LHR,IST,ECONOMY,570,411
British Airways,2025-08-08,2025-08-16,LHR,IST,ECONOMY,503,366
British Airways,2025-06-09,2025-06-21,LHR,IST,ECONOMY,549,235
British Airways,2025-06-16,2025-06-22,LHR,IST,ECONOMY,582,438
Turkish Airlines,2025-06-04,2025-06-15,LHR,IST,ECONOMY,467,284
British Airways,2025-08-28,2025-09-04,LHR,IST,ECONOMY,538,245
British Airways,2025-06-25,2025-06-30,LHR,IST,ECONOMY,494,403
Turkish Airlines,2025-08-21,2025-08-31,LHR,IST,ECONOMY,532,347
Turkish Airlines,2025-07-25,2025-08-07,LHR,IST,ECONOMY,455,225
Turkish Airlines,2025-07-05,2025-07-16,LHR,IST,ECONOMY,556,314
British Airways,2025-08-21,2025-08-27,LHR,IST,ECONOMY,481,316
British Airways,2025-06-30,2025-07-09,LHR,IST,ECONOMY,454,304
Turkish Airlines,2025-07-15,2025-07-20,LHR,IST,ECONOMY,490,370
Turkish Airlines,2025-06-22,2025-07-05,LHR,IST,ECONOMY,495,231
Turkish Airlines,2025-06-24,2025-07-06,LHR,IST,ECONOMY,593,289
British Airways,2025-07-28,2025-08-07,LHR,IST,ECONOMY,486,367
British Airways,2025-06-26,2025-07-06,LHR,IST,ECONOMY,534,330
Turkish Airlines,2025-08-10,2025-08-20,LHR,IST,ECONOMY,595,336
Turkish Airlines,2025-06-02,2025-06-08,LHR,IST,ECONOMY,498,220
British Airways,2025-07-28,2025-08-04,LHR,IST,ECONOMY,481,384
Turkish Airlines,2025-08-29,2025-09-07,LHR,IST,ECONOMY,466,302
British Airways,2025-08-10,2025-08-20,LHR,IST,ECONOMY,550,327
Turkish Airlines,2025-07-13,2025-07-24,LHR,IST,ECONOMY,569,346
British Airways,2025-06-07,2025-06-13,LHR,IST,ECONOMY,593,536
British Airways,2025-07-06,2025-07-17,LHR,IST,ECONOMY,568,369
Turkish Airlines,2025-08-28,2025-09-04,LHR,IST,ECONOMY,519,326
Turkish Airlines,2025-06-11,2025-06-18,LHR,IST,ECONOMY,455,246
British Airways,2025-07-27,2025-08-02,LHR,IST,ECONOMY,516,423
Turkish Airlines,2025-06-15,2025-06-23,LHR,IST,ECONOMY,456,389
British Airways,2025-06-08,2025-06-14,LHR,IST,ECONOMY,557,409
British Airways,2025-07-25,2025-08-02,LHR,IST,ECONOMY,465,264
Turkish Airlines,2025-08-23,2025-09-03,LHR,IST,ECONOMY,529,419
Turkish Airlines,2025-06-05,2025-06-19,LHR,IST,ECONOMY,553,319
British Airways,2025-08-26,2025-09-02,LHR,IST,ECONOMY,572,242
Turkish Airlines,2025-07-22,2025-07-29,LHR,IST,ECONOMY,552,383
British Airways,2025-06-07,2025-06-17,LHR,IST,ECONOMY,494,348
Turkish Airlines,2025-07-14,2025-07-26,LHR,IST,ECONOMY,585,285
British Airways,2025-07-07,2025-07-19,LHR,IST,ECONOMY,492,318
Turkish Airlines,2025-08-04,2025-08-17,LHR,IST,ECONOMY,566,439
British Airways,2025-07-09,2025-07-23,LHR,IST,ECONOMY,464,400
British Airways,2025-06-08,2025-06-16,LHR,IST,ECONOMY,523,283
British Airways,2025-07-11,2025-07-16,LHR,IST,ECONOMY,540,399
British Airways,2025-06-22,2025-06-30,LHR,IST,ECONOMY,455,368
British Airways,2025-07-19,2025-07-30,LHR,IST,ECONOMY,525,307
British Airways,2025-07-20,2025-07-25,LHR,IST,ECONOMY,595,338
British Airways,2025-06-16,2025-06-25,LHR,IST,ECONOMY,463,366
British Airways,2025-08-03,2025-08-16,LHR,IST,ECONOMY,519,319
Turkish Airlines,2025-06-07,2025-06-15,LHR,IST,ECONOMY,454,312
Turkish Airlines,2025-08-01,2025-08-10,LHR,IST,ECONOMY,543,260
Turkish Airlines,2025-08-07,2025-08-18,LHR,IST,ECONOMY,502,292
British Airways,2025-07-02,2025-07-11,LHR,IST,ECONOMY,504,322
Turkish Airlines,2025-06-12,2025-06-20,LHR,IST,ECONOMY,590,445
British Airways,2025-08-04,2025-08-15,LHR,IST,ECONOMY,466,291
British Airways,2025-08-25,2025-09-06,LHR,IST,ECONOMY,521,324
British Airways,2025-07-27,2025-08-01,LHR,IST,ECONOMY,596,255
Turkish Airlines,2025-06-15,2025-06-28,LHR,IST,ECONOMY,571,482
Turkish Airlines,2025-07-28,2025-08-02,LHR,IST,ECONOMY,512,252
Turkish Airlines,2025-08-27,2025-09-07,LHR,IST,ECONOMY,559,286
British Airways,2025-07-29,2025-08-04,LHR,IST,ECONOMY,590,540
British Airways,2025-07-26,2025-08-07,LHR,IST,ECONOMY,580,465
British Airways,2025-08-11,2025-08-16,LHR,IST,ECONOMY,578,383
Turkish Airlines,2025-06-14,2025-06-25,LHR,IST,ECONOMY,535,268
Turkish Airlines,2025-06-11,2025-06-22,LHR,IST,ECONOMY,499,391
British Airways,2025-07-02,2025-07-14,LHR,IST,ECONOMY,450,223
Turkish Airlines,2025-06-01,2025-06-15,LHR,IST,ECONOMY,595,364
Turkish Airlines,2025-06-30,2025-07-08,LHR,IST,ECONOMY,496,405
Turkish Airlines,2025-06-23,2025-07-01,LHR,IST,ECONOMY,517,464
British Airways,2025-08-22,2025-09-05,LHR,IST,ECONOMY,505,291
British Airways,2025-07-06,2025-07-17,LHR,IST,ECONOMY,458,277
Turkish Airlines,2025-06-30,2025-07-06,LHR,IST,ECONOMY,592,356
Turkish Airlines,2025-08-10,2025-08-23,LHR,IST,ECONOMY,482,339
British Airways,2025-06-08,2025-06-14,LHR,IST,ECONOMY,454,325
Turkish Airlines,2025-08-28,2025-09-05,LHR,IST,ECONOMY,557,411
Turkish Airlines,2025-08-20,2025-09-02,LHR,IST,ECONOMY,537,294
Turkish Airlines,2025-08-26,2025-09-05,LHR,IST,ECONOMY,467,350
British Airways,2025-07-27,2025-08-09,LHR,IST,ECONOMY,461,350
Turkish Airlines,2025-06-18,2025-06-23,LHR,IST,ECONOMY,451,255
Turkish Airlines,2025-07-31,2025-08-05,LHR,IST,ECONOMY,600,550
British Airways,2025-07-06,2025-07-20,LHR,IST,ECONOMY,484,386
British Airways,2025-08-19,2025-08-25,LHR,IST,ECONOMY,584,397
British Airways,2025-07-24,2025-08-02,LHR,IST,ECONOMY,476,262
Turkish Airlines,2025-08-11,2025-08-23,LHR,IST,ECONOMY,593,364
British Airways,2025-08-21,2025-08-30,LHR,IST,ECONOMY,598,495
Turkish Airlines,2025-07-07,2025-07-13,LHR,IST,ECONOMY,451,233
British Airways,2025-08-14,2025-08-25,LHR,IST,ECONOMY,544,303
Turkish Airlines,2025-06-13,2025-06-26,LHR,IST,ECONOMY,583,425
British Airways,2025-08-30,2025-09-04,LHR,IST,ECONOMY,576,366
Turkish Airlines,2025-07-31,2025-08-14,LHR,IST,ECONOMY,557,448
Turkish Airlines,2025-08-30,2025-09-04,LHR,IST,ECONOMY,516,338
British Airways,2025-08-12,2025-08-26,LHR,IST,ECONOMY,469,255
Turkish Airlines,2025-07-03,2025-07-10,LHR,IST,ECONOMY,466,365
British Airways,2025-06-04,2025-06-11,LHR,IST,ECONOMY,583,296
Turkish Airlines,2025-08-30,2025-09-09,LHR,IST,ECONOMY,548,223
Turkish Airlines,2025-06-08,2025-06-20,LHR,IST,ECONOMY,542,342
Turkish Airlines,2025-06-13,2025-06-27,LHR,IST,ECONOMY,473,379
British Airways,2025-07-15,2025-07-20,LHR,IST,ECONOMY,452,230
British Airways,2025-07-06,2025-07-18,LHR,IST,ECONOMY,547,432
Turkish Airlines,2025-08-07,2025-08-15,LHR,IST,ECONOMY,549,331
British Airways,2025-08-16,2025-08-24,LHR,IST,ECONOMY,582,484
British Airways,2025-08-26,2025-09-05,LHR,IST,ECONOMY,525,235
British Airways,2025-06-09,2025-06-17,LHR,IST,ECONOMY,579,266
Turkish Airlines,2025-08-12,2025-08-26,LHR,IST,ECONOMY,495,250
Turkish Airlines,2025-06-21,2025-07-03,LHR,IST,ECONOMY,525,232
Turkish Airlines,2025-08-09,2025-08-22,LHR,IST,ECONOMY,483,342
Turkish Airlines,2025-06-14,2025-06-22,LHR,IST,ECONOMY,557,417
Turkish Airlines,2025-07-27,2025-08-05,LHR,IST,ECONOMY,525,265
Turkish Airlines,2025-08-19,2025-08-30,LHR,IST,ECONOMY,548,493
British Airways,2025-08-19,2025-08-31,LHR,IST,ECONOMY,551,455
British Airways,2025-08-18,2025-09-01,LHR,IST,ECONOMY,512,452
Turkish Airlines,2025-08-24,2025-09-02,LHR,IST,ECONOMY,536,273
Turkish Airlines,2025-07-14,2025-07-20,LHR,IST,ECONOMY,532,399
British Airways,2025-06-21,2025-06-29,LHR,IST,ECONOMY,453,366
British Airways,2025-07-15,2025-07-28,LHR,IST,ECONOMY,575,224
British Airways,2025-07-07,2025-07-17,LHR,IST,ECONOMY,572,338
British Airways,2025-07-31,2025-08-05,LHR,IST,ECONOMY,560,290
British Airways,2025-06-13,2025-06-27,LHR,IST,ECONOMY,573,442
British Airways,2025-06-14,2025-06-26,LHR,IST,ECONOMY,587,367
Turkish Airlines,2025-06-22,2025-07-05,LHR,IST,ECONOMY,499,439
British Airways,2025-06-29,2025-07-11,LHR,IST,ECONOMY,493,324
British Airways,2025-08-22,2025-08-30,LHR,IST,ECONOMY,508,308
British Airways,2025-06-14,2025-06-22,LHR,IST,ECONOMY,510,314
Turkish Airlines,2025-08-04,2025-08-18,LHR,IST,ECONOMY,575,411
Turkish Airlines,2025-08-27,2025-09-06,LHR,IST,ECONOMY,528,451
British Airways,2025-06-04,2025-06-17,LHR,IST,ECONOMY,568,342
Turkish Airlines,2025-08-21,2025-08-29,LHR,IST,ECONOMY,568,484
Turkish Airlines,2025-06-07,2025-06-19,LHR,IST,ECONOMY,549,446
British Airways,2025-07-05,2025-07-19,LHR,IST,ECONOMY,482,324
British Airways,2025-07-28,2025-08-04,LHR,IST,ECONOMY,547,440
British Airways,2025-06-16,2025-06-24,LHR,IST,ECONOMY,466,260
Turkish Airlines,2025-06-20,2025-07-03,LHR,IST,ECONOMY,465,309
British Airways,2025-06-27,2025-07-04,LHR,IST,ECONOMY,591,327
Turkish Airlines,2025-06-22,2025-06-27,LHR,IST,ECONOMY,589,344
Turkish Airlines,2025-08-19,2025-09-01,LHR,IST,ECONOMY,556,335
British Airways,2025-06-29,2025-07-05,LHR,IST,ECONOMY,507,330
British Airways,2025-07-18,2025-07-30,LHR,IST,ECONOMY,546,476
British Airways,2025-07-15,2025-07-27,LHR,IST,ECONOMY,559,376
Turkish Airlines,2025-07-11,2025-07-19,LHR,IST,ECONOMY,599,242
Turkish Airlines,2025-08-30,2025-09-09,LHR,IST,ECONOMY,475,351
British Airways,2025-08-26,2025-09-09,LHR,IST,ECONOMY,495,295
Turkish Airlines,2025-07-25,2025-08-04,LHR,IST,ECONOMY,486,244
Turkish Airlines,2025-07-28,2025-08-04,LHR,IST,ECONOMY,565,277
Turkish Airlines,2025-07-23,2025-08-03,LHR,IST,ECONOMY,593,366
Turkish Airlines,2025-07-28,2025-08-07,LHR,IST,ECONOMY,557,277
British Airways,2025-08-29,2025-09-06,LHR,IST,ECONOMY,550,400
Turkish Airlines,2025-07-10,2025-07-24,LHR,IST,ECONOMY,585,345
British Airways,2025-07-12,2025-07-23,LHR,IST,ECONOMY,517,305
Turkish Airlines,2025-07-26,2025-08-04,LHR,IST,ECONOMY,554,348
British Airways,2025-08-01,2025-08-07,LHR,IST,ECONOMY,494,410
British Airways,2025-08-14,2025-08-20,LHR,IST,ECONOMY,475,388
Turkish Airlines,2025-06-26,2025-07-06,LHR,IST,ECONOMY,527,464
British Airways,2025-06-22,2025-07-03,LHR,IST,ECONOMY,551,266
Turkish Airlines,2025-07-23,2025-07-31,LHR,IST,ECONOMY,490,353
Turkish Airlines,2025-08-19,2025-08-30,LHR,IST,ECONOMY,580,282
British Airways,2025-07-06,2025-07-18,LHR,IST,ECONOMY,589,288
British Airways,2025-08-29,2025-09-05,LHR,IST,ECONOMY,546,350
Turkish Airlines,2025-06-24,2025-07-06,LHR,IST,ECONOMY,559,406
British Airways,2025-07-23,2025-08-01,LHR,IST,ECONOMY,487,433
British Airways,2025-07-16,2025-07-23,LHR,IST,ECONOMY,538,457
Turkish Airlines,2025-06-02,2025-06-09,LHR,IST,ECONOMY,473,423
British Airways,2025-08-29,2025-09-11,LHR,IST,ECONOMY,483,241
British Airways,2025-06-03,2025-06-13,LHR,IST,ECONOMY,546,318
Turkish Airlines,2025-06-07,2025-06-17,LHR,IST,ECONOMY,503,327
British Airways,2025-08-10,2025-08-19,LHR,IST,ECONOMY,456,266
British Airways,2025-08-23,2025-08-31,LHR,IST,ECONOMY,550,350
British Airways,2025-07-04,2025-07-11,LHR,IST,ECONOMY,583,468
Turkish Airlines,2025-07-10,2025-07-20,LHR,IST,ECONOMY,556,263
Turkish Airlines,2025-08-13,2025-08-21,LHR,IST,ECONOMY,571,397
Turkish Airlines,2025-07-14,2025-07-23,LHR,IST,ECONOMY,579,523
Turkish Airlines,2025-07-13,2025-07-26,LHR,IST,ECONOMY,525,470
British Airways,2025-06-27,2025-07-10,LHR,IST,ECONOMY,564,449
British Airways,2025-08-24,2025-09-06,LHR,IST,ECONOMY,485,280
British Airways,2025-06-17,2025-06-24,LHR,IST,ECONOMY,557,384
British Airways,2025-08-05,2025-08-19,LHR,IST,ECONOMY,518,453
Turkish Airlines,2025-07-31,2025-08-07,LHR,IST,ECONOMY,535,452
British Airways,2025-08-07,2025-08-14,LHR,IST,ECONOMY,456,384
British Airways,2025-06-15,2025-06-29,LHR,IST,ECONOMY,463,411
Turkish Airlines,2025-08-22,2025-09-04,LHR,IST,ECONOMY,560,470
Turkish Airlines,2025-08-20,2025-09-01,LHR,IST,ECONOMY,555,460
Turkish Airlines,2025-08-18,2025-08-28,LHR,IST,ECONOMY,505,414
British Airways,2025-07-11,2025-07-21,LHR,IST,ECONOMY,595,315
British Airways,2025-07-23,2025-08-01,LHR,IST,ECONOMY,536,448
Turkish Airlines,2025-06-16,2025-06-22,LHR,IST,ECONOMY,581,230
Turkish Airlines,2025-06-26,2025-07-01,LHR,IST,ECONOMY,539,458
British Airways,2025-06-03,2025-06-09,LHR,IST,ECONOMY,494,298
Turkish Airlines,2025-08-06,2025-08-19,LHR,IST,ECONOMY,474,398
British Airways,2025-07-16,2025-07-30,LHR,IST,ECONOMY,490,251
British Airways,2025-08-19,2025-08-26,LHR,IST,ECONOMY,476,268
British Airways,2025-08-18,2025-08-27,LHR,IST,ECONOMY,459,350
British Airways,2025-07-26,2025-07-31,LHR,IST,ECONOMY,561,380
British Airways,2025-07-07,2025-07-13,LHR,IST,ECONOMY,556,280
British Airways,2025-07-21,2025-07-31,LHR,IST,ECONOMY,596,402
Turkish Airlines,2025-08-13,2025-08-26,LHR,IST,ECONOMY,493,235
Turkish Airlines,2025-07-08,2025-07-13,LHR,IST,ECONOMY,568,332
Turkish Airlines,2025-06-14,2025-06-28,LHR,IST,ECONOMY,504,318
Turkish Airlines,2025-06-24,2025-07-06,LHR,IST,ECONOMY,508,331
British Airways,2025-07-01,2025-07-07,LHR,IST,ECONOMY,519,290
Turkish Airlines,2025-07-15,2025-07-29,LHR,IST,ECONOMY,453,223
Turkish Airlines,2025-07-18,2025-07-26,LHR,IST,ECONOMY,499,333
British Airways,2025-06-11,2025-06-24,LHR,IST,ECONOMY,547,307
Turkish Airlines,2025-06-01,2025-06-12,LHR,IST,ECONOMY,512,285
Turkish Airlines,2025-07-21,2025-08-03,LHR,IST,ECONOMY,577,281
British Airways,2025-07-21,2025-07-31,LHR,IST,ECONOMY,595,533
Turkish Airlines,2025-07-08,2025-07-16,LHR,IST,ECONOMY,509,407
Turkish Airlines,2025-06-26,2025-07-01,LHR,IST,ECONOMY,585,458
British Airways,2025-06-13,2025-06-26,LHR,IST,ECONOMY,519,409
British Airways,2025-07-29,2025-08-09,LHR,IST,ECONOMY,536,286
Turkish Airlines,2025-07-24,2025-08-02,LHR,IST,ECONOMY,469,335
British Airways,2025-06-07,2025-06-16,LHR,IST,ECONOMY,494,435
Turkish Airlines,2025-06-05,2025-06-13,LHR,IST,ECONOMY,501,261
Turkish Airlines,2025-08-03,2025-08-10,LHR,IST,ECONOMY,585,375
British Airways,2025-08-22,2025-08-28,LHR,IST,ECONOMY,461,290
Turkish Airlines,2025-06-25,2025-07-08,LHR,IST,ECONOMY,512,374
Turkish Airlines,2025-06-11,2025-06-22,LHR,IST,ECONOMY,541,440
Turkish Airlines,2025-06-09,2025-06-18,LHR,IST,ECONOMY,470,367
British Airways,2025-07-24,2025-08-05,LHR,IST,ECONOMY,497,295
Turkish Airlines,2025-08-08,2025-08-20,LHR,IST,ECONOMY,481,302
Turkish Airlines,2025-06-11,2025-06-16,LHR,IST,ECONOMY,488,303
Turkish Airlines,2025-08-17,2025-08-29,LHR,IST,ECONOMY,579,300
British Airways,2025-08-12,2025-08-20,LHR,IST,ECONOMY,552,485
British Airways,2025-06-12,2025-06-20,LHR,IST,ECONOMY,511,356
Turkish Airlines,2025-08-24,2025-08-31,LHR,IST,ECONOMY,563,410
Turkish Airlines,2025-08-09,2025-08-17,LHR,IST,ECONOMY,580,375
Turkish Airlines,2025-06-05,2025-06-19,LHR,IST,ECONOMY,528,358
British Airways,2025-08-20,2025-08-30,LHR,IST,ECONOMY,528,329
Turkish Airlines,2025-08-17,2025-08-26,LHR,IST,ECONOMY,523,422
British Airways,2025-06-06,2025-06-15,LHR,IST,ECONOMY,514,342
Turkish Airlines,2025-06-15,2025-06-26,LHR,IST,ECONOMY,548,457
British Airways,2025-06-06,2025-06-14,LHR,IST,ECONOMY,556,239
British Airways,2025-06-12,2025-06-26,LHR,IST,ECONOMY,560,438
Turkish Airlines,2025-08-25,2025-09-07,LHR,IST,ECONOMY,574,222
British Airways,2025-07-16,2025-07-27,LHR,IST,ECONOMY,488,414
British Airways,2025-08-16,2025-08-21,LHR,IST,ECONOMY,519,342
British Airways,2025-08-14,2025-08-27,LHR,IST,ECONOMY,523,333
British Airways,2025-07-05,2025-07-14,LHR,IST,ECONOMY,542,289
Turkish Airlines,2025-06-22,2025-07-02,LHR,IST,ECONOMY,583,364
British Airways,2025-08-07,2025-08-17,LHR,IST,ECONOMY,497,242
Turkish Airlines,2025-06-21,2025-07-02,LHR,IST,ECONOMY,463,301
Turkish Airlines,2025-06-18,2025-07-01,LHR,IST,ECONOMY,563,391
Turkish Airlines,2025-06-15,2025-06-27,LHR,IST,ECONOMY,453,350
Turkish Airlines,2025-07-15,2025-07-26,LHR,IST,ECONOMY,588,509
Turkish Airlines,2025-08-04,2025-08-13,LHR,IST,ECONOMY,531,242
Turkish Airlines,2025-07-18,2025-07-24,LHR,IST,ECONOMY,560,303
Turkish Airlines,2025-08-22,2025-08-31,LHR,IST,ECONOMY,464,326
Turkish Airlines,2025-07-03,2025-07-08,LHR,IST,ECONOMY,534,321
Turkish Airlines,2025-06-26,2025-07-08,LHR,IST,ECONOMY,531,291
Turkish Airlines,2025-06-17,2025-06-26,LHR,IST,ECONOMY,503,238
Turkish Airlines,2025-06-20,2025-07-04,LHR,IST,ECONOMY,578,374
British Airways,2025-07-08,2025-07-18,LHR,IST,ECONOMY,586,399
British Airways,2025-08-12,2025-08-25,LHR,IST,ECONOMY,470,285
British Airways,2025-06-26,2025-07-01,LHR,IST,ECONOMY,592,454
British Airways,2025-06-20,2025-06-29,LHR,IST,ECONOMY,591,421
Turkish Airlines,2025-07-12,2025-07-19,LHR,IST,ECONOMY,590,473
Turkish Airlines,2025-07-07,2025-07-13,LHR,IST,ECONOMY,597,280
Turkish Airlines,2025-06-24,2025-06-29,LHR,IST,ECONOMY,592,461
British Airways,2025-06-15,2025-06-25,LHR,IST,ECONOMY,460,309
Turkish Airlines,2025-06-19,2025-06-27,LHR,IST,ECONOMY,551,465
British Airways,2025-08-01,2025-08-10,LHR,IST,ECONOMY,469,368
Turkish Airlines,2025-08-30,2025-09-05,LHR,IST,ECONOMY,497,393
Turkish Airlines,2025-07-02,2025-07-10,LHR,IST,ECONOMY,518,298
Turkish Airlines,2025-07-29,2025-08-08,LHR,IST,ECONOMY,487,295
Turkish Airlines,2025-08-29,2025-09-10,LHR,IST,ECONOMY,561,399
British Airways,2025-07-15,2025-07-20,LHR,IST,ECONOMY,512,289
British Airways,2025-06-19,2025-06-25,LHR,IST,ECONOMY,469,378
British Airways,2025-08-28,2025-09-05,LHR,IST,ECONOMY,569,328
Turkish Airlines,2025-07-23,2025-08-06,LHR,IST,ECONOMY,505,319
British Airways,2025-06-12,2025-06-22,LHR,IST,ECONOMY,566,275
British Airways,2025-08-15,2025-08-25,LHR,IST,ECONOMY,577,275
Turkish Airlines,2025-06-30,2025-07-07,LHR,IST,ECONOMY,587,495
British Airways,2025-06-19,2025-06-24,LHR,IST,ECONOMY,595,315
British Airways,2025-07-24,2025-08-04,LHR,IST,ECONOMY,463,239
British Airways,2025-07-09,2025-07-20,LHR,IST,ECONOMY,560,340
British Airways,2025-08-10,2025-08-21,LHR,IST,ECONOMY,509,316
British Airways,2025-08-23,2025-09-01,LHR,IST,ECONOMY,533,362
Turkish Airlines,2025-07-16,2025-07-22,LHR,IST,ECONOMY,596,334
Turkish Airlines,2025-08-28,2025-09-07,LHR,IST,ECONOMY,512,331
Turkish Airlines,2025-06-03,2025-06-08,LHR,IST,ECONOMY,595,408
Turkish Airlines,2025-06-16,2025-06-27,LHR,IST,ECONOMY,500,392
British Airways,2025-07-06,2025-07-11,LHR,IST,ECONOMY,475,261
Turkish Airlines,2025-06-27,2025-07-08,LHR,IST,ECONOMY,564,252
Turkish Airlines,2025-07-29,2025-08-04,LHR,IST,ECONOMY,465,302
Turkish Airlines,2025-08-01,2025-08-11,LHR,IST,ECONOMY,590,302
Turkish Airlines,2025-06-30,2025-07-09,LHR,IST,ECONOMY,453,339
Turkish Airlines,2025-06-14,2025-06-19,LHR,IST,ECONOMY,543,485
Turkish Airlines,2025-06-10,2025-06-17,LHR,IST,ECONOMY,554,405
Turkish Airlines,2025-08-17,2025-08-29,LHR,IST,ECONOMY,543,395
British Airways,2025-06-27,2025-07-10,LHR,IST,ECONOMY,561,283
Turkish Airlines,2025-08-16,2025-08-27,LHR,IST,ECONOMY,500,288
British Airways,2025-08-06,2025-08-19,LHR,IST,ECONOMY,586,349
Turkish Airlines,2025-06-22,2025-07-06,LHR,IST,ECONOMY,558,353
Turkish Airlines,2025-07-23,2025-07-31,LHR,IST,ECONOMY,450,256
Turkish Airlines,2025-07-12,2025-07-23,LHR,IST,ECONOMY,479,273
British Airways,2025-08-14,2025-08-25,LHR,IST,ECONOMY,576,416
British Airways,2025-08-25,2025-09-03,LHR,IST,ECONOMY,528,362
Turkish Airlines,2025-08-20,2025-08-28,LHR,IST,ECONOMY,514,235
British Airways,2025-07-21,2025-07-30,LHR,IST,ECONOMY,562,491
Turkish Airlines,2025-08-19,2025-08-29,LHR,IST,ECONOMY,560,413
Turkish Airlines,2025-06-18,2025-07-01,LHR,IST,ECONOMY,503,268
British Airways,2025-06-18,2025-06-25,LHR,IST,ECONOMY,599,303
Turkish Airlines,2025-06-25,2025-07-01,LHR,IST,ECONOMY,589,337
British Airways,2025-08-22,2025-09-01,LHR,IST,ECONOMY,535,365
Turkish Airlines,2025-08-10,2025-08-17,LHR,IST,ECONOMY,530,416
British Airways,2025-08-26,2025-09-02,LHR,IST,ECONOMY,560,337
British Airways,2025-06-05,2025-06-13,LHR,IST,ECONOMY,480,296
British Airways,2025-08-26,2025-09-09,LHR,IST,ECONOMY,465,405
British Airways,2025-06-04,2025-06-16,LHR,IST,ECONOMY,529,279
British Airways,2025-08-14,2025-08-26,LHR,IST,ECONOMY,459,362
British Airways,2025-06-28,2025-07-10,LHR,IST,ECONOMY,494,400
Turkish Airlines,2025-07-19,2025-07-27,LHR,IST,ECONOMY,475,364
Turkish Airlines,2025-06-29,2025-07-05,LHR,IST,ECONOMY,516,446
British Airways,2025-08-14,2025-08-20,LHR,IST,ECONOMY,513,400
Turkish Airlines,2025-08-27,2025-09-06,LHR,IST,ECONOMY,537,251
British Airways,2025-08-29,2025-09-04,LHR,IST,ECONOMY,483,311
Turkish Airlines,2025-07-02,2025-07-14,LHR,IST,ECONOMY,495,317
British Airways,2025-07-04,2025-07-11,LHR,IST,ECONOMY,544,350
British Airways,2025-06-27,2025-07-02,LHR,IST,ECONOMY,450,364
British Airways,2025-06-29,2025-07-04,LHR,IST,ECONOMY,509,384
British Airways,2025-07-17,2025-07-28,LHR,IST,ECONOMY,512,451
Turkish Airlines,2025-06-06,2025-06-12,LHR,IST,ECONOMY,599,423
British Airways,2025-06-01,2025-06-08,LHR,IST,ECONOMY,534,224
British Airways,2025-08-21,2025-09-02,LHR,IST,ECONOMY,598,259
British Airways,2025-07-15,2025-07-28,LHR,IST,ECONOMY,538,381
British Airways,2025-07-23,2025-08-06,LHR,IST,ECONOMY,451,355
Turkish Airlines,2025-06-10,2025-06-17,LHR,IST,ECONOMY,482,335
Turkish Airlines,2025-08-07,2025-08-13,LHR,IST,ECONOMY,459,251
British Airways,2025-07-11,2025-07-24,LHR,IST,ECONOMY,490,238
British Airways,2025-08-12,2025-08-19,LHR,IST,ECONOMY,504,263
Turkish Airlines,2025-06-23,2025-07-01,LHR,IST,ECONOMY,461,325
Turkish Airlines,2025-08-27,2025-09-07,LHR,IST,ECONOMY,501,313
British Airways,2025-07-18,2025-07-28,LHR,IST,ECONOMY,536,302
British Airways,2025-07-30,2025-08-10,LHR,IST,ECONOMY,589,391
Turkish Airlines,2025-06-08,2025-06-19,LHR,IST,ECONOMY,589,359
British Airways,2025-06-04,2025-06-17,LHR,IST,ECONOMY,489,434
British Airways,2025-08-18,2025-08-23,LHR,IST,ECONOMY,455,257
Turkish Airlines,2025-08-23,2025-09-03,LHR,IST,ECONOMY,469,300
Turkish Airlines,2025-08-25,2025-09-08,LHR,IST,ECONOMY,452,369
Turkish Airlines,2025-07-08,2025-07-14,LHR,IST,ECONOMY,590,278
Turkish Airlines,2025-08-02,2025-08-12,LHR,IST,ECONOMY,515,280
British Airways,2025-08-22,2025-09-02,LHR,IST,ECONOMY,580,459
Turkish Airlines,2025-08-14,2025-08-28,LHR,IST,ECONOMY,541,304
Turkish Airlines,2025-08-08,2025-08-22,LHR,IST,ECONOMY,575,403
Turkish Airlines,2025-08-08,2025-08-15,LHR,IST,ECONOMY,505,372
Turkish Airlines,2025-07-30,2025-08-13,LHR,IST,ECONOMY,523,366
Turkish Airlines,2025-08-30,2025-09-05,LHR,IST,ECONOMY,516,280
Turkish Airlines,2025-06-01,2025-06-09,LHR,IST,ECONOMY,466,264
Turkish Airlines,2025-07-02,2025-07-15,LHR,IST,ECONOMY,568,501
Turkish Airlines,2025-08-29,2025-09-04,LHR,IST,ECONOMY,562,311
Turkish Airlines,2025-07-15,2025-07-27,LHR,IST,ECONOMY,588,300
British Airways,2025-07-07,2025-07-14,LHR,IST,ECONOMY,585,338
British Airways,2025-07-20,2025-07-30,LHR,IST,ECONOMY,584,450
British Airways,2025-06-03,2025-06-13,LHR,IST,ECONOMY,554,481
Turkish Airlines,2025-07-03,2025-07-12,LHR,IST,ECONOMY,473,295
Turkish Airlines,2025-06-13,2025-06-18,LHR,IST,ECONOMY,552,454
British Airways,2025-06-15,2025-06-28,LHR,IST,ECONOMY,509,322
British Airways,2025-07-11,2025-07-19,LHR,IST,ECONOMY,532,440
British Airways,2025-07-09,2025-07-23,LHR,IST,ECONOMY,536,428
Turkish Airlines,2025-07-12,2025-07-19,LHR,IST,ECONOMY,579,502
Turkish Airlines,2025-06-02,2025-06-13,LHR,IST,ECONOMY,543,386
Turkish Airlines,2025-07-31,2025-08-13,LHR,IST,ECONOMY,477,266
British Airways,2025-08-30,2025-09-07,LHR,IST,ECONOMY,556,366
British Airways,2025-06-18,2025-07-02,LHR,IST,ECONOMY,482,227
Turkish Airlines,2025-06-17,2025-06-23,LHR,IST,ECONOMY,466,267
Turkish Airlines,2025-06-30,2025-07-09,LHR,IST,ECONOMY,547,319
British Airways,2025-08-12,2025-08-26,LHR,IST,ECONOMY,542,224
British Airways,2025-06-15,2025-06-24,LHR,IST,ECONOMY,553,454
British Airways,2025-08-05,2025-08-18,LHR,IST,ECONOMY,559,259
British Airways,2025-06-25,2025-06-30,LHR,IST,ECONOMY,500,236
Turkish Airlines,2025-07-18,2025-07-30,LHR,IST,ECONOMY,468,408
Turkish Airlines,2025-06-28,2025-07-05,LHR,IST,ECONOMY,471,334
British Airways,2025-07-08,2025-07-21,LHR,IST,ECONOMY,512,423
British Airways,2025-06-10,2025-06-22,LHR,IST,ECONOMY,531,468
Turkish Airlines,2025-06-01,2025-06-14,LHR,IST,ECONOMY,453,244
Turkish Airlines,2025-06-04,2025-06-09,LHR,IST,ECONOMY,494,284
Turkish Airlines,2025-08-12,2025-08-17,LHR,IST,ECONOMY,509,223
British Airways,2025-08-15,2025-08-27,LHR,IST,ECONOMY,584,375
Turkish Airlines,2025-06-02,2025-06-13,LHR,IST,ECONOMY,504,437
British Airways,2025-06-18,2025-07-01,LHR,IST,ECONOMY,567,253
British Airways,2025-08-22,2025-09-03,LHR,IST,ECONOMY,581,512
Turkish Airlines,2025-07-26,2025-08-01,LHR,IST,ECONOMY,595,344
British Airways,2025-08-10,2025-08-16,LHR,IST,ECONOMY,557,419
British Airways,2025-07-23,2025-08-06,LHR,IST,ECONOMY,574,261
British Airways,2025-08-08,2025-08-21,LHR,IST,ECONOMY,466,277
Turkish Airlines,2025-08-30,2025-09-11,LHR,IST,ECONOMY,479,347
British Airways,2025-07-14,2025-07-25,LHR,IST,ECONOMY,570,285
British Airways,2025-07-01,2025-07-13,LHR,IST,ECONOMY,529,380
Turkish Airlines,2025-06-21,2025-07-01,LHR,IST,ECONOMY,522,231
Turkish Airlines,2025-07-01,2025-07-06,LHR,IST,ECONOMY,589,278
Turkish Airlines,2025-08-04,2025-08-12,LHR,IST,ECONOMY,534,443
Turkish Airlines,2025-06-18,2025-06-25,LHR,IST,ECONOMY,460,279
Turkish Airlines,2025-06-28,2025-07-05,LHR,IST,ECONOMY,547,364
Turkish Airlines,2025-07-18,2025-07-26,LHR,IST,ECONOMY,474,360
Turkish Airlines,2025-07-02,2025-07-16,LHR,IST,ECONOMY,549,432
Turkish Airlines,2025-06-10,2025-06-19,LHR,IST,ECONOMY,587,335
Turkish Airlines,2025-08-02,2025-08-11,LHR,IST,ECONOMY,572,339
Turkish Airlines,2025-06-09,2025-06-15,LHR,IST,ECONOMY,568,286
British Airways,2025-06-13,2025-06-23,LHR,IST,ECONOMY,533,451
Turkish Airlines,2025-08-22,2025-09-04,LHR,IST,ECONOMY,520,269
British Airways,2025-07-24,2025-08-05,LHR,IST,ECONOMY,552,349
British Airways,2025-07-17,2025-07-22,LHR,IST,ECONOMY,454,326
British Airways,2025-06-15,2025-06-20,LHR,IST,ECONOMY,470,394
British Airways,2025-07-16,2025-07-27,LHR,IST,ECONOMY,571,479
British Airways,2025-07-04,2025-07-16,LHR,IST,ECONOMY,529,450
Turkish Airlines,2025-06-25,2025-07-07,LHR,IST,ECONOMY,583,352
Turkish Airlines,2025-07-27,2025-08-02,LHR,IST,ECONOMY,494,344
British Airways,2025-07-09,2025-07-21,LHR,IST,ECONOMY,546,259
British Airways,2025-07-03,2025-07-09,LHR,IST,ECONOMY,525,461
Turkish Airlines,2025-07-21,2025-08-04,LHR,IST,ECONOMY,561,237
British Airways,2025-08-16,2025-08-25,LHR,IST,ECONOMY,555,339
Turkish Airlines,2025-08-07,2025-08-19,LHR,IST,ECONOMY,452,402
Turkish Airlines,2025-06-13,2025-06-26,LHR,IST,ECONOMY,487,348
British Airways,2025-06-29,2025-07-10,LHR,IST,ECONOMY,463,400
Turkish Airlines,2025-08-30,2025-09-13,LHR,IST,ECONOMY,471,350
Turkish Airlines,2025-06-29,2025-07-08,LHR,IST,ECONOMY,514,441
British Airways,2025-08-20,2025-08-27,LHR,IST,ECONOMY,580,483
British Airways,2025-07-31,2025-08-10,LHR,IST,ECONOMY,491,386
British Airways,2025-07-24,2025-08-04,LHR,IST,ECONOMY,576,311
British Airways,2025-08-01,2025-08-12,LHR,IST,ECONOMY,578,454
British Airways,2025-07-05,2025-07-12,LHR,IST,ECONOMY,530,452
British Airways,2025-07-06,2025-07-18,LHR,IST,ECONOMY,478,232
Turkish Airlines,2025-08-03,2025-08-09,LHR,IST,ECONOMY,472,226
Turkish Airlines,2025-08-04,2025-08-10,LHR,IST,ECONOMY,532,257
Turkish Airlines,2025-07-26,2025-08-03,LHR,IST,ECONOMY,452,340
Turkish Airlines,2025-07-31,2025-08-05,LHR,IST,ECONOMY,564,406
Turkish Airlines,2025-07-29,2025-08-08,LHR,IST,ECONOMY,578,374
Turkish Airlines,2025-07-21,2025-07-31,LHR,IST,ECONOMY,471,283
Turkish Airlines,2025-06-02,2025-06-10,LHR,IST,ECONOMY,516,437
Turkish Airlines,2025-07-11,2025-07-16,LHR,IST,ECONOMY,451,341
British Airways,2025-08-05,2025-08-16,LHR,IST,ECONOMY,458,232
British Airways,2025-08-10,2025-08-22,LHR,IST,ECONOMY,594,503
Turkish Airlines,2025-07-19,2025-07-27,LHR,IST,ECONOMY,579,408
Turkish Airlines,2025-06-16,2025-06-28,LHR,IST,ECONOMY,573,280
British Airways,2025-08-11,2025-08-23,LHR,IST,ECONOMY,542,223
Turkish Airlines,2025-06-29,2025-07-11,LHR,IST,ECONOMY,512,435
British Airways,2025-06-20,2025-07-02,LHR,IST,ECONOMY,466,325
Turkish Airlines,2025-06-14,2025-06-21,LHR,IST,ECONOMY,552,301
British Airways,2025-07-21,2025-08-04,LHR,IST,ECONOMY,522,384
British Airways,2025-07-07,2025-07-13,LHR,IST,ECONOMY,545,486
Turkish Airlines,2025-08-22,2025-08-28,LHR,IST,ECONOMY,537,365
British Airways,2025-08-06,2025-08-13,LHR,IST,ECONOMY,513,448
British Airways,2025-06-01,2025-06-10,LHR,IST,ECONOMY,454,404
Turkish Airlines,2025-06-26,2025-07-10,LHR,IST,ECONOMY,461,349
Turkish Airlines,2025-08-22,2025-09-03,LHR,IST,ECONOMY,524,340
Turkish Airlines,2025-08-06,2025-08-15,LHR,IST,ECONOMY,569,476
Turkish Airlines,2025-08-13,2025-08-23,LHR,IST,ECONOMY,499,388
British Airways,2025-06-06,2025-06-19,LHR,IST,ECONOMY,529,343
Turkish Airlines,2025-08-13,2025-08-18,LHR,IST,ECONOMY,470,270
British Airways,2025-08-24,2025-09-02,LHR,IST,ECONOMY,462,260
British Airways,2025-06-18,2025-06-27,LHR,IST,ECONOMY,541,243
Turkish Airlines,2025-08-05,2025-08-19,LHR,IST,ECONOMY,531,386
Turkish Airlines,2025-08-28,2025-09-05,LHR,IST,ECONOMY,541,370
Turkish Airlines,2025-07-10,2025-07-21,LHR,IST,ECONOMY,527,389
Turkish Airlines,2025-07-07,2025-07-17,LHR,IST,ECONOMY,516,235
British Airways,2025-06-16,2025-06-22,LHR,IST,ECONOMY,469,385
Turkish Airlines,2025-07-26,2025-08-06,LHR,IST,ECONOMY,473,286
Turkish Airlines,2025-08-14,2025-08-27,LHR,IST,ECONOMY,578,397
Turkish Airlines,2025-06-23,2025-06-30,LHR,IST,ECONOMY,471,239
British Airways,2025-06-04,2025-06-14,LHR,IST,ECONOMY,534,322
Turkish Airlines,2025-07-12,2025-07-24,LHR,IST,ECONOMY,471,308
Turkish Airlines,2025-07-20,2025-07-31,LHR,IST,ECONOMY,474,416
British Airways,2025-07-05,2025-07-11,LHR,IST,ECONOMY,482,393
Turkish Airlines,2025-06-14,2025-06-26,LHR,IST,ECONOMY,473,346
British Airways,2025-07-08,2025-07-13,LHR,IST,ECONOMY,487,256
British Airways,2025-07-26,2025-08-05,LHR,IST,ECONOMY,502,409
British Airways,2025-08-24,2025-09-02,LHR,IST,ECONOMY,496,412
Turkish Airlines,2025-06-30,2025-07-08,LHR,IST,ECONOMY,538,384
Turkish Airlines,2025-08-14,2025-08-23,LHR,IST,ECONOMY,487,231
Turkish Airlines,2025-06-01,2025-06-11,LHR,IST,ECONOMY,525,373
Turkish Airlines,2025-06-20,2025-06-30,LHR,IST,ECONOMY,461,383
Turkish Airlines,2025-07-22,2025-08-05,LHR,IST,ECONOMY,479,301
Turkish Airlines,2025-08-27,2025-09-02,LHR,IST,ECONOMY,474,238
British Airways,2025-06-14,2025-06-27,LHR,IST,ECONOMY,477,336
British Airways,2025-06-05,2025-06-16,LHR,IST,ECONOMY,474,323
British Airways,2025-08-03,2025-08-12,LHR,IST,ECONOMY,482,340
British Airways,2025-08-02,2025-08-09,LHR,IST,ECONOMY,587,458
Turkish Airlines,2025-08-06,2025-08-19,LHR,IST,ECONOMY,587,509
British Airways,2025-06-24,2025-06-30,LHR,IST,ECONOMY,551,388
British Airways,2025-07-02,2025-07-12,LHR,IST,ECONOMY,574,285
British Airways,2025-06-30,2025-07-12,LHR,IST,ECONOMY,524,296
British Airways,2025-07-24,2025-07-29,LHR,IST,ECONOMY,512,425
Turkish Airlines,2025-06-26,2025-07-04,LHR,IST,ECONOMY,481,294
British Airways,2025-08-11,2025-08-17,LHR,IST,ECONOMY,453,388
Turkish Airlines,2025-07-27,2025-08-01,LHR,IST,ECONOMY,569,505
Turkish Airlines,2025-07-21,2025-07-30,LHR,IST,ECONOMY,480,400
Turkish Airlines,2025-07-21,2025-07-28,LHR,IST,ECONOMY,577,393
Turkish Airlines,2025-06-04,2025-06-11,LHR,IST,ECONOMY,524,262
Turkish Airlines,2025-06-22,2025-06-28,LHR,IST,ECONOMY,545,392
Turkish Airlines,2025-08-04,2025-08-18,LHR,IST,ECONOMY,496,416
Turkish Airlines,2025-07-04,2025-07-17,LHR,IST,ECONOMY,473,288
Turkish Airlines,2025-06-22,2025-07-05,LHR,IST,ECONOMY,579,444
Turkish Airlines,2025-07-31,2025-08-09,LHR,IST,ECONOMY,463,410
Turkish Airlines,2025-07-23,2025-07-29,LHR,IST,ECONOMY,472,228
British Airways,2025-07-03,2025-07-09,LHR,IST,ECONOMY,574,309
Turkish Airlines,2025-08-21,2025-09-01,LHR,IST,ECONOMY,494,292
British Airways,2025-07-17,2025-07-29,LHR,IST,ECONOMY,503,300
British Airways,2025-07-29,2025-08-10,LHR,IST,ECONOMY,516,437
British Airways,2025-07-10,2025-07-20,LHR,IST,ECONOMY,527,280
Turkish Airlines,2025-06-18,2025-06-28,LHR,IST,ECONOMY,574,480
Turkish Airlines,2025-08-25,2025-09-07,LHR,IST,ECONOMY,558,344
Turkish Airlines,2025-07-03,2025-07-12,LHR,IST,ECONOMY,590,274
Turkish Airlines,2025-08-18,2025-08-23,LHR,IST,ECONOMY,537,391
Turkish Airlines,2025-07-04,2025-07-12,LHR,IST,ECONOMY,587,323
British Airways,2025-08-26,2025-09-03,LHR,IST,ECONOMY,559,367
Turkish Airlines,2025-08-14,2025-08-26,LHR,IST,ECONOMY,583,401
British Airways,2025-07-15,2025-07-20,LHR,IST,ECONOMY,551,342
Turkish Airlines,2025-08-17,2025-08-22,LHR,IST,ECONOMY,554,225
Turkish Airlines,2025-06-09,2025-06-20,LHR,IST,ECONOMY,561,386
British Airways,2025-07-07,2025-07-14,LHR,IST,ECONOMY,456,364
British Airways,2025-06-17,2025-06-24,LHR,IST,ECONOMY,584,507
British Airways,2025-07-18,2025-07-24,LHR,IST,ECONOMY,534,337
Turkish Airlines,2025-08-23,2025-09-03,LHR,IST,ECONOMY,477,342
British Airways,2025-08-07,2025-08-18,LHR,IST,ECONOMY,557,397
Turkish Airlines,2025-07-22,2025-08-03,LHR,IST,ECONOMY,456,334
Turkish Airlines,2025-07-06,2025-07-20,LHR,IST,ECONOMY,507,370
British Airways,2025-08-18,2025-08-24,LHR,IST,ECONOMY,455,383
Turkish Airlines,2025-08-24,2025-09-04,LHR,IST,ECONOMY,559,261
Turkish Airlines,2025-08-22,2025-08-30,LHR,IST,ECONOMY,566,329
Turkish Airlines,2025-06-25,2025-07-01,LHR,IST,ECONOMY,568,440
British Airways,2025-08-08,2025-08-15,LHR,IST,ECONOMY,454,235
British Airways,2025-08-16,2025-08-28,LHR,IST,ECONOMY,525,344
British Airways,2025-08-16,2025-08-22,LHR,IST,ECONOMY,503,350
Turkish Airlines,2025-07-19,2025-08-02,LHR,IST,ECONOMY,553,337
